code,system
ZL18R00,readv2
ZL9AR00,readv2
9NNf000,readv2
ZLD3R00,readv2
8CM1.00,readv2
9Ng7.00,readv2
9b9B.00,readv2
9e02.00,readv2
ZLE6P00,readv2
9NlJ.00,readv2
8HgX.00,readv2
9NgD.00,readv2
8HX1.00,readv2
8HX0.00,readv2
8HX2.00,readv2
8HX..00,readv2
8BA2.11,readv2
8BAN.00,readv2
8HH7.00,readv2
8Hg0.00,readv2
66S3.00,readv2
66S4.00,readv2
M270300,readv2
9b1C.00,readv2
9b74.00,readv2
9NkJ.00,readv2
9b1B.00,readv2
8Hga.00,readv2
ZLF1100,readv2
ZLF1.00,readv2
8BAe.00,readv2
9Nh0.00,readv2
9NNd.00,readv2
9c0L000,readv2
9c0P.00,readv2
8B2a.00,readv2
8HY..00,readv2
ZL5AP00,readv2
8H7g.00,readv2
8BAQ.00,readv2
9NNZ.00,readv2
8CMW300,readv2
Z172.00,readv2
ZV57C00,readv2
8BAS.00,readv2
8BJ1.00,readv2
8BAR.00,readv2
949A.00,readv2
8BAT.00,readv2
8BAP.00,readv2
8BMM.11,readv2
8BMM.00,readv2
9b74000,readv2
949G.00,readv2